player,country
N. Djokovic,SRB
R. Nadal,ESP
R. Bautista Agut,ESP
D. Lajovic,SRB
D. Medvedev,RUS
K. Khachanov,RUS
A. De Minaur,AUS
N. Kyrgios,AUS
D. Shapovalov,CAN
D. Schwartzman,ARG
G. Pella,ARG
D. Evans,GBR
C. Norrie,GBR
D. Goffin,BEL
K. Coppejans,BEL
G. Monfils,FRA
B. Paire,FRA
K. Anderson,RSA
L. Harris,RSA
C. Garin,CHI
N. Jarry,CHI
G. Simon,FRA
Y. Nishioka,JPN
G. Soeda,JPN
N. Basilashvili,GEO
A. Metreveli,GEO
P. Cuevas,URU
F. Roncadelli,URU
M. Cuevas,URU
S. Darcis,BEL
G. Dimitrov,BUL
D. Kuzmanov,BUL
R. Albot,MDA
A. Cozbinov,MDA
F. Fognini,ITA
S. Travaglia,ITA
J. Isner,USA
T. Fritz,USA
C. Ruud,NOR
V. Durasovic,NOR
B. Coric,CRO
D. Thiem,AUT
M. Cilic,CRO
D. Novak,AUT
H. Hurkacz,POL
K. Zuk,POL
K. Majchrzak,POL
S. Tsitsipas,GRE
A. Zverev,GER
J. Lennard Struff,GER
M. Pervolarakis,GRE
J. Millman,AUS
A. Rublev,RUS
C. Moutet,FRA
S. Wawrinka,SUI
M. Kecmanovic,SRB
A. Bedene,SLO
F. Verdasco,ESP
M. Fucsovics,HUN
P. Hugues Herbert,FRA
J. Chardy,FRA
A. Bublik,KAZ
M. Raonic,CAN
F. Krajinovic,SRB
C. Ilkel,TUR
J. Tsonga,FRA
L. Djere,SRB
M. Kukushkin,KAZ
G. Barrere,FRA
M. Ymer,SWE
A. Mannarino,FRA
T. Sandgren,USA
P. Andujar,ESP
K. Edmund,GBR
F. Tiafoe,USA
R. Berankis,LTU
J. Thompson,AUS
L. Sonego,ITA
M. Cecchinato,ITA
M. Jaziri,TUN
T. Paul,USA
P. Carreno Busta,ESP
A. Bolt,AUS
J. Munar,ESP
S. Querrey,USA
J. Duckworth,AUS
R. Opelka,USA
A. Popyrin,AUS
J. Ignacio Londero,ARG
S. Caruso,ITA
S. Robert,FRA
F. Delbonis,ARG
U. Humbert,FRA
F. Lopez,ESP
T. Monteiro,BRA
A. Seppi,ITA
V. Pospisil,CAN
M. Mmoh,USA
J. Sinner,ITA
A. Davidovich Fokina,ESP
M. Venus,NZL
L. Mayer,ARG
J. Sousa,POR
H. Dellien,BOL
P. Gojowczyk,GER
C. Eubanks,USA
J. Kovalik,SVK
Y. Uchiyama,JPN
M. Vilella Martinez,ESP
Y. Hsun Lu,TPE
I. Karlovic,CRO
E. Gulbis,LAT
T. Griekspoor,NED
I. Ivashka,BLR
P. Martinez,ESP
D. Koepfer,GER
H. Gaston,FRA
A. Tabilo,CHI
D. Elahi Galan,COL
D. Dzumhur,BIH
Y. Sugita,JPN
E. Benchetrit,MAR
S. Woo Kwon,KOR
E. Donskoy,RUS
E. Gerasimov,BLR
M. Berrettini,ITA
A. Harris,AUS
M. Trungelliti,ARG
R. Carballes Baena,ESP
J. Patrick Smith,AUS
M. Safwat,EGY
M. Purcell,AUS
Q. Halys,FRA
R. Federer,SUI
S. Johnson,USA
P. Kohlschreiber,GER
M. Giron,USA
L. Giustino,ITA
C. Marcel Stebe,GER
N. Gombos,SVK
M. Polmans,AUS
M. Mcdonald,USA
T. Ito,JPN
P. Gunneswaran,IND
A. Martin,USA
P. Cachin,ARG
G. Mager,ITA
A. Balazs,HUN
C. Taberner,ESP
F. Horansky,SVK
F. Bagnis,ARG
F. Gaio,ITA
J. Pablo Ficovich,ARG
F. Coria,ARG
R. Gasquet,FRA
E. Ruusuvuori,FIN
E. Couacaud,FRA
S. Stakhovsky,UKR
H. Laaksonen,SUI
J. Vesely,CZE
R. Marcora,ITA
T. Daniel,JPN
N. Milojevic,SRB
V. Troicki,SRB
L. Rosol,CZE
S. Kumar Mukund,IND
Y. Maden,GER
A. Hoang,FRA
P. Lorenzi,ITA
R. Ramanathan,IND
A. Kadhe,IND
T. Fabbiano,ITA
S. Nagal,IND
P. Sousa,POR
F. Diaz Acosta,ARG
J. Domingues,POR
F. Cerundolo,ARG
J. Jung,TPE
B. Shi,USA
D. Petrovic,SRB
J. Sock,USA
B. Schnur,CAN
R. Haase,NED
B. Nakashima,USA
N. Rubin,USA
R. Harrison,USA
E. Gomez,ECU
S. Kozlov,USA
B. Tomic,AUS
D. Istomin,UZB
H. Mayot,FRA
C. Alcaraz,ESP
T. Seyboth Wild,BRA
F. Meligeni Alves,BRA
M. Zverev,GER
G. Lopez Villasenor,MEX
L. Musetti,ITA
R. Olivo,ARG
T. Barrios Vera,CHI
J. Pablo Varillas,PER
M. Klizan,SVK
A. Murray,GBR
J. J Wolf,USA
S. Korda,USA
M. Krueger,USA
T. Son Kwiatkowski,USA
M. Cressy,USA
U. Blanch,USA
E. Escobedo,MEX
A. Kuznetsov,RUS
D. Kudla,USA
B. Klahn,USA
Y. Hanfmann,GER
M. Andrea Huesler,SUI
M. Marterer,GER
S. Ofner,AUT
K. Nishikori,JPN
L. Broady,GBR
D. Altmaier,GER
A. Rinderknech,FRA
T. Machac,CZE
J. Rodionov,AUT
M. Janvier,FRA
B. Bonzi,FRA
A. Vukic,AUS
S. Diez,CAN
O. Otte,GER
A. Pellegrino,ITA
G. Zeppieri,ITA
R. Safiullin,RUS
A. Karatsev,RUS
N. Serdarusic,CRO
P. Kotov,RUS
T. Skatov,KAZ
D. Popko,KAZ
V. Sachko,UKR
J. Forejtek,CZE
A. Andreev,BUL
I. Marchenko,UKR
S. Giraldo,COL
R. Bemelmans,BEL
B. Gojo,CRO
D. Ostapenkov,BLR
R. Quiroz,ECU
E. Ymer,SWE
S. Fayziev,UZB
R. Roelofse,RSA
M. Basic,BIH
J. Hernandez,DOM
R. Cid,DOM
F. Zeballos,BOL
B. Hassan,LBN
J. Navasirisomboon,THA
W. Trongcharoenchaikul,THA
H. Ibrahim,GER
F. Ferreira Silva,POR
L. Grigelis,LTU
J. Tverijonas,LTU
P. Niklas Salminen,FIN
M. Sanchez,MEX
O. Virtanen,FIN
H. Heliovaara,FIN
D. King,BAR
H. Lewis,BAR
L. Hellum Lilleengen,NOR
K. Marshall,BAR
A. Ul Haq Qureshi,PAK
N. Razborsek,SLO
A. Khan,PAK
B. Kavcic,SLO
S. Ehrat,SUI
N. Alvarez,PER
D. Cukierman,ISR
A. Celikbilek,TUR
B. Patael,ISR
E. Leshem,ISR
C. Hsin Tseng,TPE
T. Lin Wu,TPE
F. Tearney,NZL
J. Munoz Abreu,VEN
L. David Martinez,VEN
A. Rai,NZL
J. Rubin Statham,NZL
B. Perez,VEN
J. Saborio,CRC
A. Lazarov,BUL
J. Flores,CRC
A. Donski,BUL
R. Crespo Piedra,CRC
M. Torpegaard,DEN
Q. Vega,USA
H. Rune,DEN
I. Garcia,PUR
F. Nielsen,DEN
B. Bicknell,JAM
A. Emmanuel Alvarado Larin,ESA
M. Arevalo,ESA
R. Phillips,JAM
V. Ivanov,NZL
K. Tamm,EST
Z. Tkemaladze,GEO
D. Glinka,EST
N. Davlianidze,GEO
W. Gonzalez,GUA
A. Dougaz,TUN
F. Luna Lavidalie,GUA
C. Rungkat,INA
S. Kotecha,KEN
D. Agung Susanto,INA
I. Changawa Ruwa Mzai,KEN
G. Trismuwantara,INA
K. Cheruiyot,KEN
K. Ozolins,LAT
K. Mohamed Maamoun,EGY
R. Strombachs,LAT
A. Elsayed Abdou Ahmed Mohamed,EGY
L. Ouahab,ALG
N. Hoang Ly,VIE
A. Moundir,MAR
P. Van Nguyen,VIE
A. Benchakroun,MAR
L. Giang Trinh,VIE
A. Daniel Vallejo,PAR
S. Dissanayake,SRI
M. Antonio Vergara Del Puerto,PAR
Y. De Silva,SRI
T. Sanjaya Wijemanne,SRI
A. Lim,PHI
P. Tsitsipas,GRE
J. Patrombon,PHI
E. Jr. Olivarez,PHI
C. Lam,HKG
J. Janowicz,POL
P. Long Yeung,HKG
M. Kasnikowski,POL
W. Yu Kai,HKG
H. Naw,SYR
M. Don Ayanda Sibanda,ZIM
B. Lock,ZIM
A. Naow,SYR
Z. Bergs,BEL
L. Nardi,ITA
L. Klein,SVK
J. Menezes,BRA
L. Saville,AUS
J. Draper,GBR
D. Stricker,SUI
J. Manuel Cerundolo,ARG
L. Riedi,SUI
V. Kopriva,CZE
J. Nikles,SUI
J. Brooksby,USA
B. Zapata Miralles,ESP
L. Pouille,FRA
A. Erler,AUT
L. Neumayer,AUT
D. Brown,JAM
R. Molleker,GER
A. Cazaux,FRA
A. Muller,FRA
B. Fratangelo,USA
T. Kokkinakis,AUS
S. Mochizuki,JPN
E. Nava,USA
Z. Svajda,USA
B. Van De Zandschulp,NED
L. Catarina,MON
A. Molcan,SVK
Z. Zhang,CHN
N. Kuhn,GER
S. Baez,ARG
A. Vavassori,ITA
L. Borg,SWE
A. Kachmazov,RUS
A. Giannessi,ITA
D. Ajdukovic,CRO
A. Collarini,ARG
B. Rola,SLO
M. Shannan Zayid,QAT
Y. Bhambri,IND
M. Ebden,AUS
C. Lestienne,FRA
T. Bellucci,BRA
J. Sung Nam,KOR
J. Aragone,USA
K. King,USA
D. Young,USA
C. Harrison,USA
T. Martin Etcheverry,ARG
L. Lacko,SVK
T. Agustin Tirante,ARG
E. Tiurnev,RUS
Y. Oliel,ISR
J. Ward,GBR
A. Gray,GBR
J. Clarke,GBR
M. Bourgue,FRA
D. Masur,GER
S. Riffice,USA
L. Tu,AUS
T. Bryde,USA
Y. Watanuki,JPN
N. Borges,POR
N. Mejia,COL
A. Sarkissian,USA
N. Mahut,FRA
G. Lama,CHI
T. Schoolkate,AUS
D. Sweeny,AUS
T. Fancutt,AUS
N. Kicker,ARG
M. Bachinger,GER
M. Ilhan,TUR
A. Arnaboldi,ITA
H. Grenier,FRA
M. Vrbensky,CZE
T. Lamasine,FRA
E. Kirkin,TUR
B. Mott,AUS
J. Kubler,AUS
H. Bourchier,AUS
R. Brancaccio,ITA
F. Cobolli,ITA
P. Krstin,SRB
H. Medjedovic,SRB
M. Topo,GER
M. Moraing,GER
A. Holmgren,DEN
J. Lehecka,CZE
Z. Piros,HUN
F. Marozsan,HUN
G. Melzer,AUT
E. Arutiunian,BLR
A. Zgirovsky,BLR
M. Alejandro Dellien Velasco,BOL
M. Geerts,BEL
N. Fatic,BIH
O. Luz,BRA
H. Habib,LIB
M. Pucinelli De Almeida,BRA
R. Tabet,LIB
K. Uchida,JPN
Y. Shimizu,JPN
M. Murtaza,PAK
F. Reynolds,NZL
F. Llanes,URU
I. Carou,URU
F. Cristian Jianu,ROU
M. Copil,ROU
G. Elias,POR
K. Sultanov,UZB
A. Ouakaa,TUN
T. Ncube,ZIM
J. Barki,INA
N. Hardt,DOM
A. Skorilas,GRE
V. Gaubas,LTU
L. Patino,MEX
L. Miralles,ESP
W. Marek,POL
P. Henning,RSA
R. Rodriguez,VEN
D. Badra,VEN
T. Kocevar Desman,SLO
B. Artnak,SLO
H. Jose Escurra Isnardi,PAR
S. Dominko,SLO
M. Siimar,EST
J. Kym,SUI
S. Troost,EST
C. Sigsgaard,DEN
K. Samrej,THA
J. Ingildsen,DEN
E. Manusis,LAT
J. Zielinski,POL
A. Thanos,GRE
A. Bakshi,GEO
R. Hijikata,AUS
G. Marco Moroni,ITA
J. Martin del Potro,ARG
C. Chakravarthi,USA
J. Shang,CHN
J. Alejandro Hernandez Serrano,MEX
G. Brouwer,NED
M. Guinard,FRA
T. Robredo,ESP
N. Alvarez Varona,ESP
M. Hans Rehberg,GER
C. Gimeno Valero,ESP
F. Passaro,ITA
M. Arnaldi,ITA
C. Ugo Carabelli,ARG
S. Fa Rodriguez Taverna,ARG
Z. Kolar,CZE
F. Agamenone,ITA
G. Blancaneaux,FRA
T. Van Rijthoven,NED
J. De Jong,NED
H. Squire,GER
R. Peniston,GBR
P. Jubb,GBR
A. Bellier,SUI
A. Ritschard,SUI
W. Blumberg,USA
B. Shelton,USA
F. Misolic,AUT
I. Gakhov,RUS
H. Casanova,ARG
D. Dutra Da Silva,BRA
A. Shevchenko,KAZ
D. Prizmic,CRO
M. Poljicak,CRO
R. Pacheco Mendez,MEX
N. Chappell,USA
G. Villanueva,ARG
N. Barrientos,COL
A. Galarneau,CAN
Y. Wu,CHN
B. Holt,USA
L. Tien,USA
F. Mena,ARG
E. Furness,FRA
A. Kovacevic,USA
H. Moriya,JPN
Y. Chung,KOR
S. Chan Hong,KOR
D. Nicolae Madaras,SWE
B. Zhukayev,KAZ
R. Noguchi,JPN
S. Shimabukuro,JPN
F. Maestrelli,ITA
A. Vatutin,RUS
M. Landaluce,ESP
L. Van Assche,FRA
G. Arnaud Bailly,BEL
A. Fils,FRA
G. Diallo,CAN
G. Adrian Boitan,ROU
C. March,ECU
A. Gonzalez,COL
M. Shoaib,PAK
A. Fernando Rubio Fierros,MEX
L. Carlos Alvarez Valdes,MEX
A. Nedic,BIH
Y. Erel,TUR
K. Pannu,NZL
I. Becroft,NZL
E. Vasa,FIN
V. Bielinskyi,UKR
V. Orlov,UKR
I. Biloborodko,UKR
S. Fomin,UZB
N. David Ionel,ROU
D. Fernandez Flores,CHI
E. Butvilas,LTU
S. Carr,IRL
M. Foster Estwick,BAR
O. Ohoisin,IRL
Y. Charoenphon,THA
E. Moller,DEN
C. Cruz,ESA
P. Bertran,DOM
D. Tens,LAT
V. Vacherot,MON
H. Nys,MON
A. Sabaliauskas,LTU
M. Bassem Sobhy,EGY
N. Anthony Barki,INA
O. Pieczkowski,POL
F. M Rifqi,INA
T. Abdi Satrio Wibowo,INA
L. Candra Kurniawan,INA
L. Cronje,RSA
M. Lajal,EST
M. Kriznik,SLO
C. Wong,HKG
H. Kit Jack Wong,HKG
S. Mansouri,TUN
B. Yunchaokete,CHN
R. Te,CHN
M. Efstathiou,CYP
P. Chrysochos,CYP
S. Christodoulou,CYP
A. Klegou,BEN
D. Ntcha,BEN
S. Monnou,BEN
K. Lung Ng,HKG
S. Sakellaridis,GRE
D. Michalski,POL
D. Svrcina,CZE
M. Dhamne,IND
M. Bellucci,ITA
Y. Hsiou Hsu,TPE
O. Krutykh,UKR
L. Lokoli,FRA
L. Darderi,ITA
A. Rybakov,USA
L. Krall,USA
C. Chidekh,FRA
M. Pecotic,CRO
A. Shelbayh,JOR
M. Alves,BRA
J. Fonseca,BRA
J. Berrettini,ITA
G. Andreozzi,ARG
R. Bonadio,ITA
H. Rocha,POR
Y. Lalami Laaroussi,MAR
D. Rincon,ESP
S. Napolitano,ITA
P. Llamas Ruiz,ESP
O. Roca Batalla,ESP
A. Lopez San Martin,ESP
P. Kypson,USA
G. Alberto Olivieri,ARG
G. Mpetshi Perricard,FRA
L. Wessels,GER
J. Choinski,GBR
A. Michelsen,USA
G. Loffhagen,GBR
A. Fery,GBR
E. Quinn,USA
E. Spizzirri,USA
O. Kumar,USA
S. Kirchheimer,USA
N. Moreno De Alboran,USA
T. Droguet,FRA
J. Mensik,CZE
P. Sekulic,AUS
T. Mu,CHN
J. Cui,CHN
Z. Li,CHN
T. Atmane,FRA
Y. Zhou,CHN
Y. Cong Mo,CHN
D. Yevseyev,KAZ
K. Friberg,SWE
A. Blockx,BEL
M. Valkusz,HUN
M. Martineau,FRA
C. Hemery,FRA
B. Harris,GBR
P. Kaukovalta,FIN
M. Middelkoop,NED
A. Petrovic,NOR
A. Milushev,UZB
Y. Milev,BUL
M. Demoliner,BRA
G. Bueno,PER
N. Budkov Kjaer,NOR
I. Buse,PER
G. Heide,BRA
M. Abid,PAK
A. Huertas Del Pino,PER
C. Huertas Del Pino,PER
M. Agwi,IRL
O. Ovcharenko,UKR
C. Gannon,IRL
D. Duran,ESA
F. Murray,IRL
M. Rocens,LAT
Y. Dlimi,MAR
D. Singh,IND
W. Ahouda,MAR
M. El Natour,LBN
D. Azar,JAM
F. Sun,CHN
A. Guillen Meza,ECU
A. Knaff,LUX
C. Rodesch,LUX
J. Aguilar Cardozo,URU
C. Mainguy,VAN
C. Sinclair,NMI
J. Carlos Prado Angelo,BOL
R. Garcia,BOL
S. Purtseladze,GEO
D. Vallejo,MEX
J. Borba,PAR
K. Hatamleh,JOR
M. Alkotop,JOR
K. Raisma,EST
J. Seeman,EST
J. Bicknell,JAM
M. Pham,VIE
A. Susanto,INA
D. Tien Nguyen,VIE
A. Beckley,RSA
K. Van Wyk,RSA
R. Calzi,LUX
D. Badenhorst,RSA
M. Echargui,TUN
C. Lam Coleman Wong,HKG
J. Mccabe,AUS
A. Walton,AUS
O. Jasika,AUS
A. Escoffier,FRA
U. Blanchet,FRA
R. Andres Burruchaga,ARG
M. Navone,ARG
F. Comesana,ARG
F. Agustin Gomez,ARG
A. Neff,USA
M. Damm,USA
D. Blanch,USA
D. Jorda Sanchis,ESP
J. Faria,POR
M. Gigante,ITA
A. Moro Canas,ESP
J. Barranco Cosano,ESP
N. Sanchez Izquierdo,ESP
S. Fanselow,GER
G. Hussey,GBR
C. Broom,GBR
J. Fearnley,GBR
H. Searle,GBR
J. Schwaerzler,AUT
M. Dodig,CRO
L. Mikrut,CRO
F. Cabral,POR
M. Forbes,USA
K. Jacquet,FRA
J. Engel,GER
R. Collignon,BEL
B. Djuric,SRB
T. Papamalamis,FRA
N. Basavareddy,USA
J. De Loore,BEL
O. Kimhi,ISR
K. Krawietz,GER
L. Pokorny,SVK
F. Zakaryia,EGY
A. Soriano Barrera,COL
P. Hjorth,DEN
M. Pawelski,POL
M. Kyu Song,KOR
I. Xilas,GRE
D. Azoides,GRE
R. Bertola,SUI
N. Sriram Balaji,IND
S. Vishwakarma,IND
P. Nesterov,BUL
A. Andrade,ECU
L. Preda,ROU
L. Miedler,AUT
D. Rolis,LAT
N. Kaliyanda Poonacha,IND
M. Shin,UZB
Y. Khalil,PAK
I. Radulov,BUL
J. Carlos Fuentes Vasquez,ESA
J. Cheng,HKG
M. Lee Chan Baratau,ECU
G. Escobar,ECU
R. Arneodo,MON
B. Balleret,MON
J. Loutit,NZL
C. Cretu,ROU
T. Yaka Kofi Setodji,TOG
L. Ayite Ajavon,TGO
M. Jones,THA
B. Arias,BOL
T. Chanta,THA
H. Karmoussi,MAR
G. Osmont,FRA
H. Kelley,POC
M. Fanguna,POC
C. John Lock,ZIM
B. Badza,ZIM
K. Shun Dasson Chan,HKG
O. Ojakaar,EST
H. Reza Nadaf,IRI
S. Moghimi,IRI
K. Loglo,TOG
I. Snitari,MDA
S. Williams,USA
J. Pegula,USA
A. Anisimova,USA
C. Wozniacki,DEN
L. Siegemund,GER
E. Bouchard,CAN
J. Goerges,GER
A. Cornet,FRA
C. Mchale,USA
C. Gauff,USA
D. Kasatkina,RUS
C. Garcia,FRA
L. Davis,USA
J. Teichmann,SUI
T. Zidansek,SLO
P. Martic,CRO
C. Giorgi,ITA
A. Li,USA
V. Hruncakova,SVK
C. Mcnally,USA
K. Baindl,UKR
C. Suarez Navarro,ESP
K. Flipkens,BEL
T. Townsend,USA
P. Mary Hourigan,NZL
V. Lepchenko,USA
G. Minnen,BEL
R. Peterson,SWE
C. Cartan Bellis,USA
Y. Bonaventure,BEL
U. Maitane Arconada,USA
K. Pliskova,CZE
M. Keys,USA
P. Kvitova,CZE
N. Osaka,JPN
J. Brady,USA
D. Collins,USA
K. Bertens,NED
A. Riske Amritraj,USA
A. Barty,AUS
L. Samsonova,RUS
Y. Putintseva,KAZ
S. Stosur,AUS
A. Kontaveit,EST
S. Kenin,USA
B. Strycova,CZE
A. Tomljanovic,AUS
M. Sharapova,RUS
S. Stephens,USA
A. Pavlyuchenkova,RUS
E. Svitolina,UKR
D. Vekic,CRO
A. Kerber,GER
M. Bouzkova,CZE
D. Yastremska,UKR
S. Wei Hsieh,TPE
A. Sevastova,LAT
M. Sakkari,GRE
J. Konta,GBR
K. Muchova,CZE
P. Hon,AUS
E. Alexandrova,RUS
E. Rybakina,KAZ
G. Muguruza,ESP
Z. Diyas,KAZ
Q. Wang,CHN
E. Mertens,BEL
K. Bondarenko,UKR
A. Blinkova,RUS
S. Rogers,USA
A. Sasnovich,BLR
S. Peng,CHN
Y. Wang,CHN
X. Wang,CHN
S. Zhang,CHN
A. Sabalenka,BLR
B. Bencic,SUI
Y. Ying Duan,CHN
N. Gibbs,USA
X. Yu Wang,CHN
O. Jabeur,TUN
A. Lena Friedsam,GER
L. Zhu,CHN
K. Siniakova,CZE
S. Zheng,CHN
S. Sorribes Tormo,ESP
S. Cirstea,ROU
L. Tsurenko,UKR
M. Linette,POL
M. Doi,JPN
I. Camelia Begu,ROU
M. Gasparyan,RUS
M. Vondrousova,CZE
S. Halep,ROU
A. Rodionova,AUS
B. Pera,USA
T. Maria,GER
V. Golubic,SUI
V. Diatchenko,RUS
T. Babos,HUN
H. Watson,GBR
V. Kudermetova,RUS
L. Cabrera,AUS
F. Ferro,FRA
A. Van Uytvanck,BEL
N. Stojanovic,SRB
S. Kuznetsova,RUS
A. Sharma,AUS
P. Hercog,SLO
A. Rus,NED
N. Hibino,JPN
B. Krejcikova,CZE
K. Kanepi,EST
P. Badosa,ESP
J. Larsson,SWE
A. Kalinskaya,RUS
V. Williams,USA
M. Trevisan,ITA
M. Brengle,USA
K. Ahn,USA
K. Juvan,SLO
P. Parmentier,FRA
N. Lae Han,KOR
A. Potapova,RUS
A. Karolina Schmiedlova,SVK
J. Ostapenko,LAT
M. Niculescu,ROU
I. Swiatek,POL
D. Kovinic,MNE
H. Dart,GBR
K. Boulter,GBR
L. Fernandez,CAN
J. Paolini,ITA
A. Lottner,GER
E. Cocciaretto,ITA
C. Vandeweghe,USA
K. Mladenovic,FRA
L. Kung,SUI
P. Maria Tig,ROU
S. Hunter,AUS
P. Plipuech,THA
K. Kawa,POL
X. You,CHN
E. Shuo Liang,TPE
B. Haas,AUT
B. Schoofs,NED
U. Eikeri,NOR
C. Paquet,FRA
X. Han,CHN
A. Raina,IND
P. Cheapchandej,THA
V. Flink,RUS
E. Perez,AUS
N. Stevanovic,SRB
Y. Yuan,CHN
C. Muramatsu,JPN
O. Dodin,FRA
K. Clijsters,BEL
R. Zarazua,MEX
K. Volynets,USA
C. Dolehide,USA
S. Errani,ITA
K. Zavatska,UKR
F. Di Lorenzo,USA
V. Zvonareva,RUS
T. Martincova,CZE
Y. Shvedova,KAZ
C. Buyukakcay,TUR
J. Cristian,ROU
V. Tomova,BUL
I. Bara,ROU
M. Minella,LUX
C. Burel,FRA
M. Kostyuk,UKR
M. Frech,POL
V. Lapko,BLR
L. Pattinama Kerkhove,NED
A. Bogdan,ROU
A. Komardina,RUS
O. Govortsova,BLR
S. Voegele,SUI
E. Navarro,USA
N. Podoroska,ARG
L. Arruabarrena,ESP
K. Kucova,SVK
V. Azarenka,BLR
G. Gatto Monticone,ITA
B. Mattek Sands,USA
E. Gabriela Ruse,ROU
A. Bolsova,MDA
M. Sherif,EGY
L. Fruhvirtova,CZE
V. Gracheva,FRA
A. Kalinina,UKR
T. Korpatsch,GER
R. Montgomery,USA
H. Baptiste,USA
A. Kiick,USA
M. Inglis,AUS
I. Khromacheva,RUS
W. Osuigwe,USA
K. Nara,JPN
T. Pironkova,BUL
K. Scott,USA
N. Vikhlyantseva,RUS
M. Buzarnescu,ROU
A. Muhammad,USA
M. Puig,PUR
S. Vickery,USA
C. Liu,USA
Y. Wickmayer,BEL
B. Cengiz,TUR
O. Danilovic,SRB
P. Ozgen,TUR
M. Georges,FRA
D. Saville,AUS
K. Rakhimova,RUS
E. Jacquemot,FRA
A. Petkovic,GER
H. Tan,FRA
C. Tauson,DEN
D. Parry,FRA
J. Fett,CRO
J. Grabher,AUT
E. Arango,COL
M. Victoria Cancini,VEN
C. Osorio,COL
A. Gamiz,VEN
L. Escauriza,PAR
V. Cepede Royg,PAR
A. Uzcategui,VEN
B. Gatica,CHI
P. Ormaechea,ARG
D. Seguel,CHI
F. Contreras Gomez,MEX
G. Olmos,MEX
V. Bosio,ARG
D. Hayashida,PER
R. Ccuno,PER
D. Guzman,PER
C. Soares,PER
J. Tjen,INA
A. Sutjiadi,INA
R. Bhosale,IND
S. Jeong Jang,KOR
Y. Yi Yang,TPE
Y. Karimjanova,UZB
S. Sharipova,UZB
P. Madelyn Nugroho,INA
N. Abduraimova,UZB
A. Amanmuradova,UZB
S. Normurodova,UZB
L. Boskovic,CRO
I. Shinikova,BUL
V. Grammatikopoulou,GRE
S. Kraus,AUT
D. Papamichail,GRE
E. Malygina,EST
M. Klaffner,AUT
M. Antonitsch,AUT
D. Pavlou,GRE
M. Laki,GRE
L. Correia,LUX
E. Molinaro,LUX
A. Krunic,SRB
M. Bjorklund,SWE
T. Cornelius,LUX
N. Radisic,SLO
B. Eraydin,TUR
B. Enkhbayar,MGL
E. Fanning,NZL
E. Erdenebat,MGL
M. Qureshi,PAK
S. Mahboob Khan,PAK
U. Suhail,PAK
J. Altansarnai,MGL
H. Izabella Tan,SGP
T. Tan,SGP
S. Pang,SGP
A. Clarice Patrimonio,PHI
K. Lai,GUM
M. Jade Capadocia,PHI
N. Del Carmen,GUM
S. Hope Rivera,PHI
R. Karajayeva,TKM
A. Klycheva,TKM
T. Momkoonthod,THA
W. Sawasdee,THA
A. Chanta,THA
C. Jandakate,THA
B. Toymyradova,TKM
S. Battur,MGL
E. Gorgodze,GEO
I. Tishchenko,MDA
M. Bolkvadze,GEO
A. Vdovenco,MDA
L. Glushko,ISR
V. Ekshibarova,UZB
S. Bereznyak,ISR
D. Ciobanu,MDA
C. Bechri,TUN
S. Samir,EGY
K. Barbat,DEN
A. Kulikova,FIN
O. Orpana,FIN
I. Murta,POR
F. Jorge,POR
M. Ines Fonte,POR
R. Sramkova,SVK
T. Pereira,BRA
G. Ce,BRA
G. Dabrowski,CAN
A. Gasanova,RUS
B. Turati,ITA
Z. Yang,CHN
J. Loeb,USA
A. Bondar,HUN
L. Stefanini,ITA
L. Hradecka,CZE
M. Barthel,GER
J. Burrage,GBR
A. Hesse,FRA
D. Aiava,AUS
M. Hibi,JPN
V. Savinykh,RUS
R. Marino,CAN
O. Gadecki,AUS
F. Jones,GBR
K. Birrell,AUS
G. Garcia Perez,ESP
O. Kalashnikova,GEO
B. Andreescu,CAN
G. Da Silva Fick,AUS
A. Konjuh,CRO
D. Mironova,RUS
N. Parrizas Diaz,ESP
J. Plazas,COL
C. Bucsa,ESP
D. Krawczyk,USA
G. Min,USA
G. Lee,ROU
A. Parks,USA
T. Mrdeza,CRO
J. Middendorf,GER
N. Schunk,GER
E. Vesnina,RUS
V. Jimenez Kasintseva,AND
R. Luca Jani,HUN
L. Radivojevic,SRB
I. Jorovic,SRB
M. Di Giuseppe,ITA
L. Pigato,ITA
J. Niemeier,GER
M. Zanevska,BEL
A. Lazaro Garcia,ESP
Y. Hatouka,BLR
O. Babel,FRA
M. Melnikova,RUS
T. Moore,GBR
S. Beth Grey,GBR
E. Silva,GBR
E. Raducanu,GBR
K. Piter,POL
A. Zaja,GER
M. Guth,GER
E. Yashina,RUS
R. Bhatia,IND
A. Danilina,KAZ
S. Murray,GBR
K. Swan,GBR
D. Lao,USA
D. Galfi,HUN
P. Udvardy,HUN
L. Bronzetti,ITA
T. Sugnaux,SUI
A. Dulgheru,ROU
S. Waltert,SUI
S. Bandecchi,SUI
T. Smitkova,CZE
U. Radwanska,POL
L. Havlickova,CZE
C. Perrin,SUI
N. Bains,GBR
A. Anshba,RUS
W. Falkowska,POL
W. Baszak,POL
A. Zakharova,RUS
F. Di Sarra,ITA
V. Olyanovskaya,RUS
Q. Zheng,CHN
K. Gerlach,GER
M. Bassols Ribera,ESP
N. Brancaccio,ITA
S. Mendez,AUS
A. Eala,PHI
B. Szabo,ROU
Y. Naito,JPN
E. Bektas,USA
C. Zhao,CAN
F. Abanda,CAN
K. Sebov,CAN
Q. Gleason,USA
N. Hanatani,JPN
M. Mateas,USA
A. Glatch,USA
E. Shibahara,JPN
A. Krueger,USA
R. Masarova,ESP
A. Hartono,NED
E. Makarova,RUS
Z. Falkner,SLO
C. Ferrando,ITA
P. Lovric,SLO
M. Hontama,JPN
B. Haddad Maia,BRA
Z. Kulambayeva,KAZ
O. Selekhmeteva,RUS
A. Prisacariu,ROU
A. Cadantu Ignatik,ROU
J. Pieri,ITA
S. Wagner,GER
M. Caregaro,ITA
I. Shymanovich,BLR
C. Alves,BRA
L. Pigossi,BRA
M. Zacarias,MEX
M. Lourdes Carle,ARG
K. Thandi,IND
R. Anderson,USA
I. Oz,TUR
B. Fruhvirtova,CZE
Y. Miyazaki,GBR
E. Kalieva,USA
E. Avanesyan,ARM
Y. Lizarazo,COL
S. Lamens,NED
Y. In Albon,SUI
Y. Monroy,COL
M. Fernanda Herazo Gonzalez,COL
S. Chang,USA
N. Kichenok,UKR
J. Fourlis,AUS
N. Bartunkova,CZE
E. Lys,GER
P. Marcinko,CRO
L. Sun,NZL
T. Andrianjafitrimo,FRA
E. Reyngold,RUS
I. Burillo Escorihuela,ESP
N. Berberovic,BIH
C. Monnet,FRA
Y. Morderger,GER
A. Gabueva,RUS
K. Hobgarski,GER
J. Gervais,FRA
L. Jeanjean,FRA
L. Noskova,CZE
D. Snigur,UKR
S. Kartal,GBR
T. Preston,AUS
A. Tikhonova,RUS
S. Lisicki,GER
L. Chirico,USA
M. Chwalinska,POL
Z. Hives,AUS
F. Stollar,HUN
J. Maleckova,CZE
N. Szabanin,HUN
E. Andreeva,RUS
J. Zuger,SUI
M. Paoletti,ITA
D. Jakupovic,SLO
D. Salkova,CZE
B. Palicova,CZE
R. Serban,CYP
M. Kubka,POL
E. Mandlik,USA
K. Day,USA
E. Hozumi,JPN
D. Hewitt,USA
P. Stearns,USA
M. Stakusic,CAN
C. Brace,CAN
K. Cross,CAN
V. Mboko,CAN
H. Sakatsume,JPN
E. Yu,USA
S. Bejlek,CZE
E. Rodina,RUS
M. Uchijima,JPN
K. Okamura,JPN
O. Tjandramulia,AUS
M. Tkacheva,RUS
T. Wurth,CRO
B. Jeong,KOR
S. Park,KOR
D. Back,KOR
R. Saigo,JPN
J. Ponchet,FRA
M. Nuudi,EST
M. Andreeva,RUS
Y. Mansouri,FRA
S. Sierra,ARG
M. Morales,GUA
J. Ortenzi,ARG
K. Andrea Weedon,GUA
M. Gabriela Rivera Corado,GUA
V. Alexandra San Martin Ramirez,ECU
C. Roemer,ECU
T. Isabel Andrade Sabando,ECU
M. Elizabeth Reasco Gonzalez,ECU
F. Labrana,CHI
P. Franco Martinessi,PAR
L. Fiorella Britez Risso,PAR
S. Doldan,PAR
H. Doldan,PAR
F. Titalyana Kusumawati,INA
V. Yang,NZL
B. Gumulya,INA
K. Westbury,THA
N. Ri Kim,KOR
D. Kim,KOR
J. Christine Svendsen,DEN
S. Nami Samavati,DEN
R. Munk Mortensen,DEN
K. Saar,EST
D. Radanovic,SRB
A. Aksu,USA
J. Terziyska,BUL
N. Natsvlishvili,GEO
Z. Kardava,RUS
T. Gagoshidze,GEO
J. Cabaj Awad,SWE
C. Wilda Hennemann,SWE
K. Rinaldo Persson,SWE
J. Saner,SWE
L. Smejkal,SLO
M. Helgo,NOR
N. Khirin,ISR
S. Remander,FIN
S. Kimchi,ISR
E. Haavisto,FIN
A. Lukosiute,LTU
J. Mikulskyte,LTU
V. Ahti,FIN
M. Weckerle,LUX
M. Matoula,GRE
N. Potocnik,SLO
T. Paszek,AUT
D. Vismane,LAT
D. Marcinkevica,LAT
D. Semenistaja,LAT
G. Topalova,BUL
J. Bouzas Maneiro,ESP
E. Routliffe,CAN
T. Gibson,AUS
S. Janicijevic,FRA
P. Kudermetova,RUS
D. Shnaider,RUS
L. Tararudee,THA
R. Vicens Mas,ESP
A. Samudio,COL
F. Crawley,USA
C. Rosatello,ITA
D. Cherubini,ITA
D. Spiteri,ITA
J. Riera,ARG
S. Nahimana,BDI
A. El Aouni,MAR
T. Prozorova,RUS
M. El Allami,MAR
A. Fita Boluda,ESP
S. Iliev,FRA
Z. Bai,CHN
E. Appleton,GBR
C. Naef,SUI
Z. Sonmez,TUR
L. Rueffer,GER
M. Timofeeva,RUS
A. Siskova,CZE
A. Kiara Toth,HUN
S. Lansere,RUS
M. Ristic,SRB
F. Curmi,MLT
E. Vedder,NED
A. Zantedeschi,ITA
N. Noha Akugue,GER
M. Bianca Bulgaru,ROU
E. Seidel,GER
J. Duerst,SUI
W. Ewald,POL
G. Andrea Knutson,CZE
C. Ngounoue,USA
D. Schuurs,NED
S. Fung,CAN
A. Sofia Sanchez,MEX
S. Hosogi,JPN
F. Tian,CHN
A. Korneeva,RUS
H. Ching Wu,HKG
E. Wong Chong,HKG
H. Yi Cody Wong,HKG
K. Von Deichmann,LIE
Y. Woo Ku,KOR
H. Guo,CHN
Y. Georgiana Ghioroaie,ROU
A. Soboleva,UKR
S. Wei,CHN
Y. Xin Ma,CHN
X. Jiang,CHN
M. Capurro Taborda,ARG
C. Padilla Udaeta,BOL
N. Zeballos Melgar,BOL
L. Perez Alarcon,PER
A. Vergara Rivera,CHI
A. Fabia Holweg Bustillos,BOL
P. Goldsmith Weinreich,CHI
N. Trigosso,BOL
A. Iamachkine,PER
W. Zheng,CHN
M. Sawangkaew,THA
S. Olimjanova,UZB
S. Yuldasheva,UZB
V. Chaudhari,IND
L. Kumkhum,THA
P. Kovapitukted,THA
O. Valihanova,UZB
L. Alhussein Abdel Aziz,EGY
L. Stevens,NED
B. Zeltina,LVA
M. Refaat,EGY
L. Karatancheva,BUL
A. Ruzic,CRO
D. Glushkova,BUL
S. Hansen,DEN
A. Lachinova,LAT
E. Elde,NOR
L. Elida Haseth,NOR
D. Herdzelas,BIH
E. Genovese,MLT
M. Buchnik,ISR
M. Jorge,POR
M. Dagan Fruchtman,ISR
S. Shapatava,GEO
C. Courtney,IRL
R. Copas,IRL
V. Gjinaj,UNK
A. Rushiti,SUI
S. Pretorius,RSA
I. Kruger,RSA
S. Lohan,IRL
C. Simunyu,IRL
A. Lekaj,CRO
P. Paukstyte,LTU
K. Bubelyte,LTU
M. Van Zyl,RSA
S. Tucakovic,BIH
R. Jamrichova,SVK
M. Kessler,USA
M. Barry,NZL
Y. Starodubtseva,UKR
T. Naklo,THA
A. Alexia Todoni,ROU
C. Andreea Mitu,ROU
K. Hui,USA
L. Hovde,USA
M. Isabel Higuita Barraza,COL
V. Mediorreal Arias,COL
A. Robbe,FRA
V. Paganetti,ITA
G. Pedone,ITA
Y. Kabbaj,MAR
J. Avdeeva,RUS
L. Ciric Bagaric,CRO
A. Rajecki,GBR
J. Stusek,GER
A. Falei,BLR
M. Benoit,BEL
L. Romero Gormaz,ESP
L. Samson,CZE
S. Ishii,JPN
V. Rodriguez,MEX
A. Noel,USA
M. Joint,AUS
I. Jovic,USA
X. Gao,CHN
K. Laskutova,RUS
J. Jing Lu,CHN
X. Yao,CHN
H. Shi,CHN
M. Wang,CHN
Y. Ren,CHN
A. Ito,JPN
S. Saito,JPN
E. Pridankina,RUS
M. Stojsavljevic,GBR
M. Yamaguchi,JPN
H. Inoue,USA
F. Liu,CHN
A. Urhobo,USA
G. Maristany Zuleta De Reales,ESP
J. Caffarena,ARG
N. Fossa Huergo,ITA
L. Giovannini,ARG
V. Strakhova,UKR
E. Nala Milic,SLO
V. Erjavec,SLO
S. Costoulas,BEL
H. Vandewinkel,BEL
A. Ramos Vinolas,ESP
C. O'Connell,AUS
F. Auger-Aliassime,CAN
